epoch,accuracy,common_voice_val_auc,common_voice_val_eer,librispeech_val_auc,librispeech_val_eer,loss,lr,sitw_val_auc,sitw_val_eer,tcof_val_auc,tcof_val_eer,train_accuracy,train_loss,val_accuracy,val_loss
1,0.0,0.843962551012243,0.15603744898775707,0.9209448970718618,0.15554824381015053,18.48488110818372,0.01,0.6416815903001896,0.39601574423648483,0.5709309887133986,0.37048023731259516,0.020566581306017927,5.92806321648821,0.019099590723055934,6.072855646764837
2,0.0,0.9377450588141154,0.062254941185884614,0.9328112683163018,0.1219873324010858,16.445432744249402,0.01,0.6344426436330818,0.4117647058823529,0.6350873442190688,0.4189850076164515,0.017125480153649168,5.782661411974703,0.01409731696225557,5.9073160477419275
