epoch,accuracy,common_voice_test_auc,common_voice_test_eer,librispeech_dev_clean_auc,librispeech_dev_clean_eer,loss,lr,sitw_eval_auc,sitw_eval_eer,tcof_dev_auc,tcof_dev_eer,train_accuracy,train_loss,val_accuracy,val_loss
1,0.0,0.841722013283188,0.15827798671681204,0.7308978593660675,0.3153846153846154,23.281224530838305,0.01,0.5098326683368903,0.5018898271009248,0.6659823723096692,0.375,0.0004001280409731114,2384.167490271464,0.0002209456473707468,2377.7109711726266
